"","bias","n","b","est_name","psi","lower","upper"
"1","c",2000,1,"A-TMLE","4.17686624306589","3.99546779517468","4.3582646909571"
"2","c",2000,1,"SEQ-A-TMLE","4.13685386403674","3.97760063633462","4.29610709173886"
"3","c",2000,1,"ES-CVTMLE","4.16742629448466","3.98277525795691","4.35207733101242"
